measure_id,measure_name,location_id,location_name,sex_id,sex_name,age_id,age_name,cause_id,cause_name,metric_id,metric_name,year,val,upper,lower
1,Deaths,196,South Africa,3,Both,22,All Ages,297,Tuberculosis,1,Number,1991,19339.784216324606,22353.263951485114,17063.165317496365
1,Deaths,196,South Africa,3,Both,22,All Ages,297,Tuberculosis,3,Rate,1991,51.34738750525099,59.34821677871828,45.302933674104516
1,Deaths,196,South Africa,3,Both,22,All Ages,298,HIV/AIDS,1,Number,1991,5006.536593795354,7869.2595767862085,3472.1308917089405
1,Deaths,196,South Africa,3,Both,22,All Ages,298,HIV/AIDS,3,Rate,1991,13.292422069726927,20.89299013623844,9.218554269858027
1,Deaths,196,South Africa,3,Both,22,All Ages,297,Tuberculosis,1,Number,1990,19474.94742315892,22648.681130226716,17018.577891359502
1,Deaths,196,South Africa,3,Both,22,All Ages,297,Tuberculosis,3,Rate,1990,52.87872810820556,61.4961070483056,46.2091493009816
1,Deaths,196,South Africa,3,Both,22,All Ages,298,HIV/AIDS,1,Number,1990,2849.8615197390627,4482.152568422021,1984.9314250653256
1,Deaths,196,South Africa,3,Both,22,All Ages,298,HIV/AIDS,3,Rate,1990,7.737995342114023,12.170021405204858,5.389521566289152
1,Deaths,196,South Africa,3,Both,22,All Ages,297,Tuberculosis,1,Number,1992,20136.660827501095,22932.390306184832,18049.28375252297
1,Deaths,196,South Africa,3,Both,22,All Ages,297,Tuberculosis,3,Rate,1992,52.28479134672182,59.543896205618026,46.86492179823592
1,Deaths,196,South Africa,3,Both,22,All Ages,298,HIV/AIDS,1,Number,1992,8684.339410401559,13632.858265787423,6014.1418773233845
1,Deaths,196,South Africa,3,Both,22,All Ages,298,HIV/AIDS,3,Rate,1992,22.54886636600845,35.397683657294955,15.615704901578614
1,Deaths,196,South Africa,3,Both,22,All Ages,297,Tuberculosis,1,Number,1995,19142.717161150777,21237.203267168505,16955.168126180288
1,Deaths,196,South Africa,3,Both,22,All Ages,297,Tuberculosis,3,Rate,1995,46.50181897135414,51.589780775319696,41.18778709391486
1,Deaths,196,South Africa,3,Both,22,All Ages,298,HIV/AIDS,1,Number,1995,37044.32758571208,55355.40872229319,25752.029285740875
1,Deaths,196,South Africa,3,Both,22,All Ages,298,HIV/AIDS,3,Rate,1995,89.98872003407699,134.47031441876285,62.55727407501125
1,Deaths,196,South Africa,3,Both,22,All Ages,297,Tuberculosis,1,Number,1993,18551.346832266114,21225.594311859713,16215.958955031627
1,Deaths,196,South Africa,3,Both,22,All Ages,297,Tuberculosis,3,Rate,1993,47.10717942233327,53.897859203158085,41.17696116118351
1,Deaths,196,South Africa,3,Both,22,All Ages,298,HIV/AIDS,1,Number,1993,14625.98332001299,22760.609961701102,10142.112482910577
1,Deaths,196,South Africa,3,Both,22,All Ages,298,HIV/AIDS,3,Rate,1993,37.13955793686935,57.7957032943159,25.753726496179883
1,Deaths,196,South Africa,3,Both,22,All Ages,297,Tuberculosis,1,Number,1996,19689.0402383877,21656.635528151233,17853.331281994626
1,Deaths,196,South Africa,3,Both,22,All Ages,297,Tuberculosis,3,Rate,1996,46.798750869595786,51.47551523509817,42.435466266630314
1,Deaths,196,South Africa,3,Both,22,All Ages,298,HIV/AIDS,1,Number,1996,55168.10873718984,81508.52619655662,38540.16014930609
1,Deaths,196,South Africa,3,Both,22,All Ages,298,HIV/AIDS,3,Rate,1996,131.12871655901185,193.73708240909866,91.60585439736988
1,Deaths,196,South Africa,3,Both,22,All Ages,297,Tuberculosis,1,Number,1999,26172.15556088597,27721.753320931766,24900.11582773822
1,Deaths,196,South Africa,3,Both,22,All Ages,297,Tuberculosis,3,Rate,1999,58.57946753458936,62.04783342692474,55.732342081842894
1,Deaths,196,South Africa,3,Both,22,All Ages,298,HIV/AIDS,1,Number,1999,136869.87295690423,196038.6238918897,95936.93826834293
1,Deaths,196,South Africa,3,Both,22,All Ages,298,HIV/AIDS,3,Rate,1999,306.3471123228686,438.7807560246582,214.72953374376343
1,Deaths,196,South Africa,3,Both,22,All Ages,297,Tuberculosis,1,Number,1994,19178.930405811225,21582.85665633503,17014.769293854966
1,Deaths,196,South Africa,3,Both,22,All Ages,297,Tuberculosis,3,Rate,1994,47.628259564167806,53.59808275088584,42.253860418963136
1,Deaths,196,South Africa,3,Both,22,All Ages,298,HIV/AIDS,1,Number,1994,23746.797806485385,36378.06493707662,16528.6538053342
1,Deaths,196,South Africa,3,Both,22,All Ages,298,HIV/AIDS,3,Rate,1994,58.971935650926454,90.33996592115736,41.04665886102778
1,Deaths,196,South Africa,3,Both,22,All Ages,297,Tuberculosis,1,Number,2000,28877.29571535393,30335.906359731653,27542.680130713798
1,Deaths,196,South Africa,3,Both,22,All Ages,297,Tuberculosis,3,Rate,2000,63.500662943170276,66.70812197281568,60.56586685858151
1,Deaths,196,South Africa,3,Both,22,All Ages,298,HIV/AIDS,1,Number,2000,169846.8664466922,238770.71923545515,120166.1154923542
1,Deaths,196,South Africa,3,Both,22,All Ages,298,HIV/AIDS,3,Rate,2000,373.49025769232776,525.0525919159176,264.24316432833064
1,Deaths,196,South Africa,3,Both,22,All Ages,297,Tuberculosis,1,Number,1997,22629.868251356784,24273.57481337612,21331.08149058457
1,Deaths,196,South Africa,3,Both,22,All Ages,297,Tuberculosis,3,Rate,1997,52.66706287492453,56.49250259415964,49.644363704477136
1,Deaths,196,South Africa,3,Both,22,All Ages,298,HIV/AIDS,1,Number,1997,78367.9400101533,114857.01810540288,55153.708893564886
1,Deaths,196,South Africa,3,Both,22,All Ages,298,HIV/AIDS,3,Rate,1997,182.38768242256964,267.30963375453655,128.3606171197443
1,Deaths,196,South Africa,3,Both,22,All Ages,297,Tuberculosis,1,Number,1998,25567.685531485382,27006.591348398746,24301.031258854968
1,Deaths,196,South Africa,3,Both,22,All Ages,297,Tuberculosis,3,Rate,1998,58.32583738955362,61.60831622764875,55.43630438730957
1,Deaths,196,South Africa,3,Both,22,All Ages,298,HIV/AIDS,1,Number,1998,106131.10571870329,153861.62202657937,74791.28163642134
1,Deaths,196,South Africa,3,Both,22,All Ages,298,HIV/AIDS,3,Rate,1998,242.10973678081663,350.9941459411351,170.6163088368049
1,Deaths,196,South Africa,3,Both,22,All Ages,297,Tuberculosis,1,Number,2003,34851.47645381451,36965.51786297555,32924.0299104743
1,Deaths,196,South Africa,3,Both,22,All Ages,297,Tuberculosis,3,Rate,2003,73.4242681742567,77.87808072832235,69.36356928027148
1,Deaths,196,South Africa,3,Both,22,All Ages,298,HIV/AIDS,1,Number,2003,262717.78888785833,351511.9868194308,190663.66238271844
1,Deaths,196,South Africa,3,Both,22,All Ages,298,HIV/AIDS,3,Rate,2003,553.487638063568,740.5571589168869,401.685704662375
1,Deaths,196,South Africa,3,Both,22,All Ages,297,Tuberculosis,1,Number,2004,36486.60302088668,39017.02141056733,34308.36395202451
1,Deaths,196,South Africa,3,Both,22,All Ages,297,Tuberculosis,3,Rate,2004,76.0220926286553,81.29437574855638,71.48359689186107
1,Deaths,196,South Africa,3,Both,22,All Ages,298,HIV/AIDS,1,Number,2004,286606.65848873253,376555.11357422714,211831.21588725052
1,Deaths,196,South Africa,3,Both,22,All Ages,298,HIV/AIDS,3,Rate,2004,597.1626881008104,784.5758539797881,441.36343157521696
1,Deaths,196,South Africa,3,Both,22,All Ages,297,Tuberculosis,1,Number,2001,29503.351679563482,31169.435679267517,27996.241858169808
1,Deaths,196,South Africa,3,Both,22,All Ages,297,Tuberculosis,3,Rate,2001,63.84436748846638,67.44972325614485,60.5830270710255
1,Deaths,196,South Africa,3,Both,22,All Ages,298,HIV/AIDS,1,Number,2001,202763.82621716056,280570.70352690446,144686.9515048043
1,Deaths,196,South Africa,3,Both,22,All Ages,298,HIV/AIDS,3,Rate,2001,438.7748339570158,607.1465810739469,313.0982202627943
1,Deaths,196,South Africa,3,Both,22,All Ages,297,Tuberculosis,1,Number,2002,32012.02894806518,33938.24200349741,30260.790320277032
1,Deaths,196,South Africa,3,Both,22,All Ages,297,Tuberculosis,3,Rate,2002,68.29218354276153,72.4014293433778,64.55621572922158
1,Deaths,196,South Africa,3,Both,22,All Ages,298,HIV/AIDS,1,Number,2002,234097.63182407283,318930.46507127746,168119.12018726068
1,Deaths,196,South Africa,3,Both,22,All Ages,298,HIV/AIDS,3,Rate,2002,499.4072217475505,680.3835487391813,358.65336219402394
1,Deaths,196,South Africa,3,Both,22,All Ages,297,Tuberculosis,1,Number,2005,37487.81948300463,40029.58000635339,35326.76185383384
1,Deaths,196,South Africa,3,Both,22,All Ages,297,Tuberculosis,3,Rate,2005,77.3310632449564,82.5742874840649,72.87316501288751
1,Deaths,196,South Africa,3,Both,22,All Ages,298,HIV/AIDS,1,Number,2005,301613.6613603736,389647.5450635115,227876.7249917037
1,Deaths,196,South Africa,3,Both,22,All Ages,298,HIV/AIDS,3,Rate,2005,622.1782286584059,803.7773166350438,470.0713371812941
1,Deaths,196,South Africa,3,Both,22,All Ages,297,Tuberculosis,1,Number,2007,36482.36092472732,39056.00168414067,34403.00400515726
1,Deaths,196,South Africa,3,Both,22,All Ages,297,Tuberculosis,3,Rate,2007,73.91394373247356,79.12818791670746,69.70112782755068
1,Deaths,196,South Africa,3,Both,22,All Ages,298,HIV/AIDS,1,Number,2007,298252.95252424205,373687.30842523096,237273.93006768203
1,Deaths,196,South Africa,3,Both,22,All Ages,298,HIV/AIDS,3,Rate,2007,604.2660450732801,757.0974571922799,480.7214081454521
1,Deaths,196,South Africa,3,Both,22,All Ages,297,Tuberculosis,1,Number,2008,34818.164644118835,37120.08433835651,32944.05924304482
1,Deaths,196,South Africa,3,Both,22,All Ages,297,Tuberculosis,3,Rate,2008,69.92045484779202,74.54307851820336,66.156950843053
1,Deaths,196,South Africa,3,Both,22,All Ages,298,HIV/AIDS,1,Number,2008,282663.8558075464,350614.95843526465,232450.3651152738
1,Deaths,196,South Africa,3,Both,22,All Ages,298,HIV/AIDS,3,Rate,2008,567.6343244712834,704.0910289444053,466.79758753856504
1,Deaths,196,South Africa,3,Both,22,All Ages,297,Tuberculosis,1,Number,2006,38430.19447727582,41149.91401497607,36177.334100402615
1,Deaths,196,South Africa,3,Both,22,All Ages,297,Tuberculosis,3,Rate,2006,78.5498785846549,84.10888348630826,73.94511632730514
1,Deaths,196,South Africa,3,Both,22,All Ages,298,HIV/AIDS,1,Number,2006,305491.32771883026,387635.89160506584,236133.7107026906
1,Deaths,196,South Africa,3,Both,22,All Ages,298,HIV/AIDS,3,Rate,2006,624.4128354637502,792.3132483401049,482.64846321316844
1,Deaths,196,South Africa,3,Both,22,All Ages,297,Tuberculosis,1,Number,2009,32993.46397226603,35053.56186698347,31271.022619947238
1,Deaths,196,South Africa,3,Both,22,All Ages,297,Tuberculosis,3,Rate,2009,65.6572325980089,69.75684234986245,62.229561814465605
1,Deaths,196,South Africa,3,Both,22,All Ages,298,HIV/AIDS,1,Number,2009,260925.6095389935,322885.2579205966,222223.9613563665
1,Deaths,196,South Africa,3,Both,22,All Ages,298,HIV/AIDS,3,Rate,2009,519.2438554096543,642.5440050666093,442.22729483301936
1,Deaths,196,South Africa,3,Both,22,All Ages,297,Tuberculosis,1,Number,2010,31030.42615780445,32921.67896746838,29557.66355638653
1,Deaths,196,South Africa,3,Both,22,All Ages,297,Tuberculosis,3,Rate,2010,61.17082403513266,64.8990839126337,58.26754125458978
1,Deaths,196,South Africa,3,Both,22,All Ages,298,HIV/AIDS,1,Number,2010,240023.99042335493,298800.64182261087,207318.11338105565
1,Deaths,196,South Africa,3,Both,22,All Ages,298,HIV/AIDS,3,Rate,2010,473.1635075757603,589.0309527031279,408.6898377880842
1,Deaths,196,South Africa,3,Both,22,All Ages,297,Tuberculosis,1,Number,2012,25960.797986605852,27691.042225461304,24552.947893224435
1,Deaths,196,South Africa,3,Both,22,All Ages,297,Tuberculosis,3,Rate,2012,50.146252214767884,53.488416967929886,47.42682864775293
1,Deaths,196,South Africa,3,Both,22,All Ages,298,HIV/AIDS,1,Number,2012,193635.04652703126,240989.88684269,168276.99781401272
1,Deaths,196,South Africa,3,Both,22,All Ages,298,HIV/AIDS,3,Rate,2012,374.02825158812925,465.499544854394,325.04627857275943
1,Deaths,196,South Africa,3,Both,22,All Ages,297,Tuberculosis,1,Number,2011,28083.405989042305,29782.253361149043,26722.738871146546
1,Deaths,196,South Africa,3,Both,22,All Ages,297,Tuberculosis,3,Rate,2011,54.81545158166971,58.13139858278134,52.15959201289496
1,Deaths,196,South Africa,3,Both,22,All Ages,298,HIV/AIDS,1,Number,2011,217917.0760557443,271184.5600067372,189761.804361235
1,Deaths,196,South Africa,3,Both,22,All Ages,298,HIV/AIDS,3,Rate,2011,425.34808406122556,529.3198454826259,370.39235921284666
1,Deaths,196,South Africa,3,Both,22,All Ages,297,Tuberculosis,1,Number,2013,24336.76490097903,25949.327732722973,23052.348423921067
1,Deaths,196,South Africa,3,Both,22,All Ages,297,Tuberculosis,3,Rate,2013,46.50630524333534,49.58782982485944,44.051851457687555
1,Deaths,196,South Africa,3,Both,22,All Ages,298,HIV/AIDS,1,Number,2013,175969.19231858375,221878.42158903752,151183.40905504054
1,Deaths,196,South Africa,3,Both,22,All Ages,298,HIV/AIDS,3,Rate,2013,336.2680703326352,423.99824476728656,288.9037141070008
1,Deaths,196,South Africa,3,Both,22,All Ages,297,Tuberculosis,1,Number,2014,23526.479661292688,24943.15843084841,22274.657172284267
1,Deaths,196,South Africa,3,Both,22,All Ages,297,Tuberculosis,3,Rate,2014,44.477673875457924,47.155957120794184,42.11105748330446
1,Deaths,196,South Africa,3,Both,22,All Ages,298,HIV/AIDS,1,Number,2014,167813.40860212647,217222.8606820342,142383.05929860222
1,Deaths,196,South Africa,3,Both,22,All Ages,298,HIV/AIDS,3,Rate,2014,317.25741237923125,410.6677962366548,269.1804030201963
1,Deaths,196,South Africa,3,Both,22,All Ages,297,Tuberculosis,1,Number,2015,22675.161984067814,24235.73031839756,21507.76441146704
1,Deaths,196,South Africa,3,Both,22,All Ages,297,Tuberculosis,3,Rate,2015,42.422375390690405,45.34200241466834,40.23832139849194
1,Deaths,196,South Africa,3,Both,22,All Ages,298,HIV/AIDS,1,Number,2015,166978.393666602,216860.21771456648,140257.06333207176
1,Deaths,196,South Africa,3,Both,22,All Ages,298,HIV/AIDS,3,Rate,2015,312.3955675922501,405.7181849310789,262.4033202518972
1,Deaths,196,South Africa,3,Both,22,All Ages,297,Tuberculosis,1,Number,2016,21540.696704869737,23148.25613420526,20351.52558339764
1,Deaths,196,South Africa,3,Both,22,All Ages,297,Tuberculosis,3,Rate,2016,39.894924946246434,42.87224103117473,37.69249420366751
1,Deaths,196,South Africa,3,Both,22,All Ages,298,HIV/AIDS,1,Number,2016,172025.48489639035,224082.85443329628,142933.22128967298
1,Deaths,196,South Africa,3,Both,22,All Ages,298,HIV/AIDS,3,Rate,2016,318.6036135605408,415.0176190603892,264.7226416955957
1,Deaths,196,South Africa,3,Both,22,All Ages,297,Tuberculosis,1,Number,2018,20137.029667693958,21906.306577993462,18514.941110143183
1,Deaths,196,South Africa,3,Both,22,All Ages,297,Tuberculosis,3,Rate,2018,36.578150283375564,39.791974654984244,33.63168796941153
1,Deaths,196,South Africa,3,Both,22,All Ages,298,HIV/AIDS,1,Number,2018,153280.87082903853,190654.83410926152,131566.0061131075
1,Deaths,196,South Africa,3,Both,22,All Ages,298,HIV/AIDS,3,Rate,2018,278.4288855543668,346.3172716822654,238.98465777747765
1,Deaths,196,South Africa,3,Both,22,All Ages,297,Tuberculosis,1,Number,2017,20886.48313109968,22581.996374536786,19510.60689073406
1,Deaths,196,South Africa,3,Both,22,All Ages,297,Tuberculosis,3,Rate,2017,38.30769600503623,41.41742038967376,35.78421474561831
1,Deaths,196,South Africa,3,Both,22,All Ages,298,HIV/AIDS,1,Number,2017,169326.07726797153,214671.7204930782,142155.30349071635
1,Deaths,196,South Africa,3,Both,22,All Ages,298,HIV/AIDS,3,Rate,2017,310.5593149881913,393.7273191426922,260.72566249880236
1,Deaths,196,South Africa,3,Both,22,All Ages,297,Tuberculosis,1,Number,2019,19784.52891784274,21656.86488914569,18053.71428869051
1,Deaths,196,South Africa,3,Both,22,All Ages,297,Tuberculosis,3,Rate,2019,35.59109488697677,38.95930686168022,32.47747070346803
1,Deaths,196,South Africa,3,Both,22,All Ages,298,HIV/AIDS,1,Number,2019,143850.63028618574,177382.30938187244,123860.99276770825
1,Deaths,196,South Africa,3,Both,22,All Ages,298,HIV/AIDS,3,Rate,2019,258.77803071923347,319.0993644932176,222.81795865328755
5,Prevalence,196,South Africa,3,Both,22,All Ages,297,Tuberculosis,1,Number,1990,16257174.011997933,17838494.059208438,14724456.683788132
5,Prevalence,196,South Africa,3,Both,22,All Ages,297,Tuberculosis,3,Rate,1990,44141.77177012291,48435.4004517112,39980.11006680238
5,Prevalence,196,South Africa,3,Both,22,All Ages,298,HIV/AIDS,1,Number,1990,130595.51568018273,155970.60214970596,109185.66405164787
5,Prevalence,196,South Africa,3,Both,22,All Ages,298,HIV/AIDS,3,Rate,1990,354.59529701175137,423.4941889568204,296.4628821454585
5,Prevalence,196,South Africa,3,Both,22,All Ages,297,Tuberculosis,1,Number,1992,17111418.257046428,18757819.82599334,15477104.166168243
5,Prevalence,196,South Africa,3,Both,22,All Ages,297,Tuberculosis,3,Rate,1992,44429.75629774185,48704.63400674815,40186.263696432674
5,Prevalence,196,South Africa,3,Both,22,All Ages,298,HIV/AIDS,1,Number,1992,353044.4431030996,416595.2603545562,298664.45390513807
5,Prevalence,196,South Africa,3,Both,22,All Ages,298,HIV/AIDS,3,Rate,1992,916.6790463369911,1081.6885902911763,775.4815353390748
5,Prevalence,196,South Africa,3,Both,22,All Ages,297,Tuberculosis,1,Number,1991,16680219.888195923,18305679.549927726,15096668.561401539
5,Prevalence,196,South Africa,3,Both,22,All Ages,297,Tuberculosis,3,Rate,1991,44286.20840293748,48601.82569170984,40081.858307721246
5,Prevalence,196,South Africa,3,Both,22,All Ages,298,HIV/AIDS,1,Number,1991,216573.4637116969,256448.4984336797,182194.49212979287
5,Prevalence,196,South Africa,3,Both,22,All Ages,298,HIV/AIDS,3,Rate,1991,575.0054623242489,680.8742164299296,483.7288298601707
5,Prevalence,196,South Africa,3,Both,22,All Ages,297,Tuberculosis,1,Number,1993,17551771.652332187,19239775.70973989,15864994.416774288
5,Prevalence,196,South Africa,3,Both,22,All Ages,297,Tuberculosis,3,Rate,1993,44568.971939447976,48855.29738616045,40285.76174455632
5,Prevalence,196,South Africa,3,Both,22,All Ages,298,HIV/AIDS,1,Number,1993,558521.4628723988,656267.9766423359,478073.8090645803
5,Prevalence,196,South Africa,3,Both,22,All Ages,298,HIV/AIDS,3,Rate,1993,1418.245855712905,1666.4522314386472,1213.9662367561107
5,Prevalence,196,South Africa,3,Both,22,All Ages,297,Tuberculosis,1,Number,1995,18449976.139236137,20238387.659068156,16721337.7271138
5,Prevalence,196,South Africa,3,Both,22,All Ages,297,Tuberculosis,3,Rate,1995,44819.00052275464,49163.44065846802,40619.76225209894
5,Prevalence,196,South Africa,3,Both,22,All Ages,298,HIV/AIDS,1,Number,1995,1228637.376007915,1413289.056181959,1077211.9865799376
5,Prevalence,196,South Africa,3,Both,22,All Ages,298,HIV/AIDS,3,Rate,1995,2984.6271226589497,3433.1861716133963,2616.7819527403817
5,Prevalence,196,South Africa,3,Both,22,All Ages,297,Tuberculosis,1,Number,1994,17999797.834395736,19738234.401991732,16291243.282171218
5,Prevalence,196,South Africa,3,Both,22,All Ages,297,Tuberculosis,3,Rate,1994,44700.04453946934,49017.21480524261,40457.082185936175
5,Prevalence,196,South Africa,3,Both,22,All Ages,298,HIV/AIDS,1,Number,1994,848595.7082913158,986601.1202974069,735443.1075703198
5,Prevalence,196,South Africa,3,Both,22,All Ages,298,HIV/AIDS,3,Rate,1994,2107.3717774840648,2450.089407988339,1826.3727163546032
5,Prevalence,196,South Africa,3,Both,22,All Ages,297,Tuberculosis,1,Number,1997,19397027.66618698,21261332.00047206,17602798.927037574
5,Prevalence,196,South Africa,3,Both,22,All Ages,297,Tuberculosis,3,Rate,1997,45143.19148192435,49482.03395777039,40967.43770522648
5,Prevalence,196,South Africa,3,Both,22,All Ages,298,HIV/AIDS,1,Number,1997,2210512.690802638,2472252.4776422987,1985191.6405591029
5,Prevalence,196,South Africa,3,Both,22,All Ages,298,HIV/AIDS,3,Rate,1997,5144.581911798847,5753.735516107931,4620.186551277523
5,Prevalence,196,South Africa,3,Both,22,All Ages,297,Tuberculosis,1,Number,1996,18916423.701327544,20745284.11592886,17164578.581677474
5,Prevalence,196,South Africa,3,Both,22,All Ages,297,Tuberculosis,3,Rate,1996,44962.3236797569,49309.33002856414,40798.374481421844
5,Prevalence,196,South Africa,3,Both,22,All Ages,298,HIV/AIDS,1,Number,1996,1691509.1873108582,1916143.493791997,1501364.2162430785
5,Prevalence,196,South Africa,3,Both,22,All Ages,298,HIV/AIDS,3,Rate,1996,4020.537115681961,4554.468928431209,3568.582778529557
5,Prevalence,196,South Africa,3,Both,22,All Ages,297,Tuberculosis,1,Number,1998,19870409.48788241,21756845.595235653,18059018.0066597
5,Prevalence,196,South Africa,3,Both,22,All Ages,297,Tuberculosis,3,Rate,1998,45329.025625994625,49632.42514597753,41196.820352564064
5,Prevalence,196,South Africa,3,Both,22,All Ages,298,HIV/AIDS,1,Number,1998,2744281.25563535,3034758.200146786,2485380.826667607
5,Prevalence,196,South Africa,3,Both,22,All Ages,298,HIV/AIDS,3,Rate,1998,6260.343826205081,6922.9892975804505,5669.731731048379
5,Prevalence,196,South Africa,3,Both,22,All Ages,297,Tuberculosis,1,Number,1999,20323171.40143072,22245068.99767802,18500294.512587976
5,Prevalence,196,South Africa,3,Both,22,All Ages,297,Tuberculosis,3,Rate,1999,45488.059114596785,49789.71999928255,41408.029967547736
5,Prevalence,196,South Africa,3,Both,22,All Ages,298,HIV/AIDS,1,Number,1999,3255752.317700189,3545774.36219988,2972035.294893664
5,Prevalence,196,South Africa,3,Both,22,All Ages,298,HIV/AIDS,3,Rate,1999,7287.142885563903,7936.280741273249,6652.117158017658
5,Prevalence,196,South Africa,3,Both,22,All Ages,297,Tuberculosis,1,Number,2000,20730719.762875196,22684350.919401266,18905676.8594288
5,Prevalence,196,South Africa,3,Both,22,All Ages,297,Tuberculosis,3,Rate,2000,45586.48639428262,49882.48678187699,41573.2493027306
5,Prevalence,196,South Africa,3,Both,22,All Ages,298,HIV/AIDS,1,Number,2000,3719415.111248396,4014904.907246381,3425358.4771281173
5,Prevalence,196,South Africa,3,Both,22,All Ages,298,HIV/AIDS,3,Rate,2000,8178.928098157752,8828.704937504852,7532.3027564521335
5,Prevalence,196,South Africa,3,Both,22,All Ages,297,Tuberculosis,1,Number,2002,21393145.20221387,23398186.057180062,19500899.084619656
5,Prevalence,196,South Africa,3,Both,22,All Ages,297,Tuberculosis,3,Rate,2002,45638.61294380221,49916.02435999934,41601.829790179814
5,Prevalence,196,South Africa,3,Both,22,All Ages,298,HIV/AIDS,1,Number,2002,4460393.502161268,4769156.125001873,4153996.2295510527
5,Prevalence,196,South Africa,3,Both,22,All Ages,298,HIV/AIDS,3,Rate,2002,9515.485951131792,10174.17814912974,8861.839822920256
5,Prevalence,196,South Africa,3,Both,22,All Ages,297,Tuberculosis,1,Number,2001,21084704.64542336,23059468.943279475,19216921.384806417
5,Prevalence,196,South Africa,3,Both,22,All Ages,297,Tuberculosis,3,Rate,2001,45626.66799313636,49899.99866094524,41584.8410788663
5,Prevalence,196,South Africa,3,Both,22,All Ages,298,HIV/AIDS,1,Number,2001,4122873.2479922385,4426174.297559763,3815224.528938862
5,Prevalence,196,South Africa,3,Both,22,All Ages,298,HIV/AIDS,3,Rate,2001,8921.773960194285,9578.108327846478,8256.03136627045
5,Prevalence,196,South Africa,3,Both,22,All Ages,297,Tuberculosis,1,Number,2003,21659476.96145057,23690174.072304133,19732550.00767976
5,Prevalence,196,South Africa,3,Both,22,All Ages,297,Tuberculosis,3,Rate,2003,45631.67494608733,49909.899699222035,41572.07071114579
5,Prevalence,196,South Africa,3,Both,22,All Ages,298,HIV/AIDS,1,Number,2003,4731659.773323595,5031280.018429461,4430400.339685824
5,Prevalence,196,South Africa,3,Both,22,All Ages,298,HIV/AIDS,3,Rate,2003,9968.549153613521,10599.782015619909,9333.862887889378
5,Prevalence,196,South Africa,3,Both,22,All Ages,297,Tuberculosis,1,Number,2004,21893468.73466046,23935474.653389845,19928353.441473264
5,Prevalence,196,South Africa,3,Both,22,All Ages,297,Tuberculosis,3,Rate,2004,45616.39534259054,49871.04089052062,41521.95616558235
5,Prevalence,196,South Africa,3,Both,22,All Ages,298,HIV/AIDS,1,Number,2004,4945662.846636125,5235167.644185353,4658564.546706469
5,Prevalence,196,South Africa,3,Both,22,All Ages,298,HIV/AIDS,3,Rate,2004,10304.594232075853,10907.795372042998,9706.407178644555
5,Prevalence,196,South Africa,3,Both,22,All Ages,297,Tuberculosis,1,Number,2005,22107289.61201314,24140896.611608468,20143934.368676703
5,Prevalence,196,South Africa,3,Both,22,All Ages,297,Tuberculosis,3,Rate,2005,45603.61831490904,49798.60734520961,41553.54683599577
5,Prevalence,196,South Africa,3,Both,22,All Ages,298,HIV/AIDS,1,Number,2005,5114412.622475964,5388996.061749555,4822385.598216939
5,Prevalence,196,South Africa,3,Both,22,All Ages,298,HIV/AIDS,3,Rate,2005,10550.172600697562,11116.592029763322,9947.769991165975
5,Prevalence,196,South Africa,3,Both,22,All Ages,297,Tuberculosis,1,Number,2007,22474699.39395587,24537697.285223637,20441536.19064757
5,Prevalence,196,South Africa,3,Both,22,All Ages,297,Tuberculosis,3,Rate,2007,45534.160188716734,49713.83239715722,41414.93361458326
5,Prevalence,196,South Africa,3,Both,22,All Ages,298,HIV/AIDS,1,Number,2007,5379496.957968659,5675296.010457125,5066547.783605933
5,Prevalence,196,South Africa,3,Both,22,All Ages,298,HIV/AIDS,3,Rate,2007,10898.961179642472,11498.255577471113,10264.920314998419
5,Prevalence,196,South Africa,3,Both,22,All Ages,297,Tuberculosis,1,Number,2006,22300647.094915565,24359106.592420347,20302238.46777625
5,Prevalence,196,South Africa,3,Both,22,All Ages,297,Tuberculosis,3,Rate,2006,45581.687667510014,49789.101806307575,41497.01525927796
5,Prevalence,196,South Africa,3,Both,22,All Ages,298,HIV/AIDS,1,Number,2006,5253380.774533805,5530462.590775837,4960259.42651348
5,Prevalence,196,South Africa,3,Both,22,All Ages,298,HIV/AIDS,3,Rate,2006,10737.71360284415,11304.058460575667,10138.584542719782
5,Prevalence,196,South Africa,3,Both,22,All Ages,297,Tuberculosis,1,Number,2008,22639842.233029258,24692213.87029375,20593315.8741363
5,Prevalence,196,South Africa,3,Both,22,All Ages,297,Tuberculosis,3,Rate,2008,45464.43164927239,49585.922826679416,41354.6787276473
5,Prevalence,196,South Africa,3,Both,22,All Ages,298,HIV/AIDS,1,Number,2008,5530744.530202348,5851370.782349243,5221506.043736484
5,Prevalence,196,South Africa,3,Both,22,All Ages,298,HIV/AIDS,3,Rate,2008,11106.621418771565,11750.490319254817,10485.620976871818
5,Prevalence,196,South Africa,3,Both,22,All Ages,297,Tuberculosis,1,Number,2009,22801168.3257483,24845333.787130773,20726369.11467689
5,Prevalence,196,South Africa,3,Both,22,All Ages,297,Tuberculosis,3,Rate,2009,45374.49033931156,49442.39443327466,41245.624861288685
5,Prevalence,196,South Africa,3,Both,22,All Ages,298,HIV/AIDS,1,Number,2009,5689544.450196734,6006442.963647222,5372867.3561934875
5,Prevalence,196,South Africa,3,Both,22,All Ages,298,HIV/AIDS,3,Rate,2009,11322.234720709776,11952.865060860537,10692.04500686493
5,Prevalence,196,South Africa,3,Both,22,All Ages,297,Tuberculosis,1,Number,2010,22962600.264680326,25053596.603893686,20851652.576773033
5,Prevalence,196,South Africa,3,Both,22,All Ages,297,Tuberculosis,3,Rate,2010,45266.57716644246,49388.59497160099,41105.22891722192
5,Prevalence,196,South Africa,3,Both,22,All Ages,298,HIV/AIDS,1,Number,2010,5881147.554534452,6188037.663405776,5562817.132100393
5,Prevalence,196,South Africa,3,Both,22,All Ages,298,HIV/AIDS,3,Rate,2010,11593.609457812612,12198.587318974496,10966.079105611961
5,Prevalence,196,South Africa,3,Both,22,All Ages,297,Tuberculosis,1,Number,2011,23091694.77985539,25191477.283770744,20968504.479668215
5,Prevalence,196,South Africa,3,Both,22,All Ages,297,Tuberculosis,3,Rate,2011,45072.22797824977,49170.75243145604,40928.01430473766
5,Prevalence,196,South Africa,3,Both,22,All Ages,298,HIV/AIDS,1,Number,2011,6098580.819619476,6392358.8622227665,5778071.409237396
5,Prevalence,196,South Africa,3,Both,22,All Ages,298,HIV/AIDS,3,Rate,2011,11903.700774941206,12477.12039777334,11278.104717499898
5,Prevalence,196,South Africa,3,Both,22,All Ages,297,Tuberculosis,1,Number,2012,23178132.592902545,25249260.211262003,21033138.056059867
5,Prevalence,196,South Africa,3,Both,22,All Ages,297,Tuberculosis,3,Rate,2012,44771.21556397051,48771.835574680874,40627.91314702215
5,Prevalence,196,South Africa,3,Both,22,All Ages,298,HIV/AIDS,1,Number,2012,6338897.432917425,6629659.929499759,6025616.532698437
5,Prevalence,196,South Africa,3,Both,22,All Ages,298,HIV/AIDS,3,Rate,2012,12244.305802873385,12805.946839321341,11639.16789283856
5,Prevalence,196,South Africa,3,Both,22,All Ages,297,Tuberculosis,1,Number,2013,23253159.757268786,25382615.889827438,21102587.656336036
5,Prevalence,196,South Africa,3,Both,22,All Ages,297,Tuberculosis,3,Rate,2013,44435.591581035435,48504.872658697524,40325.95897453579
5,Prevalence,196,South Africa,3,Both,22,All Ages,298,HIV/AIDS,1,Number,2013,6603628.10724946,6897347.340028838,6286247.681329506
5,Prevalence,196,South Africa,3,Both,22,All Ages,298,HIV/AIDS,3,Rate,2013,12619.193459721393,13180.475797413146,12012.695799652398
5,Prevalence,196,South Africa,3,Both,22,All Ages,297,Tuberculosis,1,Number,2014,23344984.05718644,25495901.913075395,21159912.72877863
5,Prevalence,196,South Africa,3,Both,22,All Ages,297,Tuberculosis,3,Rate,2014,44134.54976996125,48200.938974995064,40003.59217074872
5,Prevalence,196,South Africa,3,Both,22,All Ages,298,HIV/AIDS,1,Number,2014,6867963.865854868,7182950.144552757,6549508.935528688
5,Prevalence,196,South Africa,3,Both,22,All Ages,298,HIV/AIDS,3,Rate,2014,12984.137933585675,13579.631062216335,12382.087191655792
5,Prevalence,196,South Africa,3,Both,22,All Ages,297,Tuberculosis,1,Number,2015,23483949.30929348,25694423.018697336,21275911.698378783
5,Prevalence,196,South Africa,3,Both,22,All Ages,297,Tuberculosis,3,Rate,2015,43935.51472553017,48071.03294398745,39804.55414086922
5,Prevalence,196,South Africa,3,Both,22,All Ages,298,HIV/AIDS,1,Number,2015,7118461.456933172,7448531.316116301,6782656.12970476
5,Prevalence,196,South Africa,3,Both,22,All Ages,298,HIV/AIDS,3,Rate,2015,13317.745837598028,13935.265019214346,12689.496316827825
5,Prevalence,196,South Africa,3,Both,22,All Ages,297,Tuberculosis,1,Number,2016,23700732.421239186,25950031.035899464,21503075.060534306
5,Prevalence,196,South Africa,3,Both,22,All Ages,297,Tuberculosis,3,Rate,2016,43895.46698843064,48061.330360588,39825.246945684004
5,Prevalence,196,South Africa,3,Both,22,All Ages,298,HIV/AIDS,1,Number,2016,7347132.91118049,7699980.400885339,6993799.860700877
5,Prevalence,196,South Africa,3,Both,22,All Ages,298,HIV/AIDS,3,Rate,2016,13607.420413443635,14260.919430309881,12953.02210297832
5,Prevalence,196,South Africa,3,Both,22,All Ages,297,Tuberculosis,1,Number,2017,23931216.885448385,26215499.91243725,21704505.262160968
5,Prevalence,196,South Africa,3,Both,22,All Ages,297,Tuberculosis,3,Rate,2017,43892.01263439697,48081.59396496853,39808.02245661714
5,Prevalence,196,South Africa,3,Both,22,All Ages,298,HIV/AIDS,1,Number,2017,7557774.7301065065,7931807.76568083,7179479.200593277
5,Prevalence,196,South Africa,3,Both,22,All Ages,298,HIV/AIDS,3,Rate,2017,13861.641283417986,14547.651643931353,13167.81312413926
5,Prevalence,196,South Africa,3,Both,22,All Ages,297,Tuberculosis,1,Number,2018,24122930.381993245,26391253.535041068,21863751.189765178
5,Prevalence,196,South Africa,3,Both,22,All Ages,297,Tuberculosis,3,Rate,2018,43818.387684234985,47938.71061927812,39714.67440704952
5,Prevalence,196,South Africa,3,Both,22,All Ages,298,HIV/AIDS,1,Number,2018,7755015.14069683,8168527.04950666,7330403.39137728
5,Prevalence,196,South Africa,3,Both,22,All Ages,298,HIV/AIDS,3,Rate,2018,14086.690735791426,14837.819427262613,13315.399605222405
5,Prevalence,196,South Africa,3,Both,22,All Ages,297,Tuberculosis,1,Number,2019,24293736.372202817,26662781.770455625,22043678.627797853
5,Prevalence,196,South Africa,3,Both,22,All Ages,297,Tuberculosis,3,Rate,2019,43702.86904342171,47964.62932646439,39655.159895792116
5,Prevalence,196,South Africa,3,Both,22,All Ages,298,HIV/AIDS,1,Number,2019,7921791.529356064,8394891.065300707,7450923.14713395
5,Prevalence,196,South Africa,3,Both,22,All Ages,298,HIV/AIDS,3,Rate,2019,14250.793393513044,15101.869026635903,13403.731462418458
6,Incidence,196,South Africa,3,Both,22,All Ages,297,Tuberculosis,1,Number,1992,144877.94320866565,166518.26126940103,125455.73649421704
6,Incidence,196,South Africa,3,Both,22,All Ages,297,Tuberculosis,3,Rate,1992,376.17523065502803,432.3642643868266,325.745517692342
6,Incidence,196,South Africa,3,Both,22,All Ages,298,HIV/AIDS,1,Number,1992,169180.4573796996,206611.26538352508,140800.72353786894
6,Incidence,196,South Africa,3,Both,22,All Ages,298,HIV/AIDS,3,Rate,1992,439.2766501762777,536.4656530196098,365.5887395983174
6,Incidence,196,South Africa,3,Both,22,All Ages,297,Tuberculosis,1,Number,1990,156648.87434247494,179979.53955755575,136222.5749013238
6,Incidence,196,South Africa,3,Both,22,All Ages,297,Tuberculosis,3,Rate,1990,425.3358458345245,488.68368835679803,369.8739895873037
6,Incidence,196,South Africa,3,Both,22,All Ages,298,HIV/AIDS,1,Number,1990,61508.573635981404,76880.91121945267,48953.69245986929
6,Incidence,196,South Africa,3,Both,22,All Ages,298,HIV/AIDS,3,Rate,1990,167.00918728811817,208.74843524610193,132.91994772729703
6,Incidence,196,South Africa,3,Both,22,All Ages,298,HIV/AIDS,1,Number,1991,104808.02956410388,129317.96445224475,85748.69069119007
6,Incidence,196,South Africa,3,Both,22,All Ages,298,HIV/AIDS,3,Rate,1991,278.2667297366877,343.34093689188086,227.66392839439916
6,Incidence,196,South Africa,3,Both,22,All Ages,297,Tuberculosis,1,Number,1991,150401.90110395235,172842.24124065216,130597.65949494185
6,Incidence,196,South Africa,3,Both,22,All Ages,297,Tuberculosis,3,Rate,1991,399.3190725981508,458.8984778210982,346.7385444613827
6,Incidence,196,South Africa,3,Both,22,All Ages,298,HIV/AIDS,1,Number,1993,255651.91652546416,307632.67129738675,215115.22722522294
6,Incidence,196,South Africa,3,Both,22,All Ages,298,HIV/AIDS,3,Rate,1993,649.173389421091,781.1674038551445,546.2391327701101
6,Incidence,196,South Africa,3,Both,22,All Ages,297,Tuberculosis,1,Number,1993,140594.01280162635,161845.98802147788,121814.75887942253
6,Incidence,196,South Africa,3,Both,22,All Ages,297,Tuberculosis,3,Rate,1993,357.00843969089954,410.9732875702616,309.3225389350485
6,Incidence,196,South Africa,3,Both,22,All Ages,297,Tuberculosis,1,Number,1995,138007.2146634886,157351.8105792559,120384.809432243
6,Incidence,196,South Africa,3,Both,22,All Ages,297,Tuberculosis,3,Rate,1995,335.2495081548052,382.24173448172473,292.4408571673524
6,Incidence,196,South Africa,3,Both,22,All Ages,298,HIV/AIDS,1,Number,1995,465197.2629168597,534808.1802290773,406808.6519186803
6,Incidence,196,South Africa,3,Both,22,All Ages,298,HIV/AIDS,3,Rate,1995,1130.0652213590329,1299.1652633244466,988.226599612248
6,Incidence,196,South Africa,3,Both,22,All Ages,297,Tuberculosis,1,Number,1997,143696.62964518668,164761.9858646238,124921.12791044645
6,Incidence,196,South Africa,3,Both,22,All Ages,297,Tuberculosis,3,Rate,1997,334.42878873075375,383.4547233128191,290.73209021760476
6,Incidence,196,South Africa,3,Both,22,All Ages,298,HIV/AIDS,1,Number,1997,625638.5318223329,713382.6923125797,556133.5773261492
6,Incidence,196,South Africa,3,Both,22,All Ages,298,HIV/AIDS,3,Rate,1997,1456.064327307195,1660.2735240253523,1294.303694505022
6,Incidence,196,South Africa,3,Both,22,All Ages,297,Tuberculosis,1,Number,1994,138109.80051236867,158544.69915525737,119924.90279554104
6,Incidence,196,South Africa,3,Both,22,All Ages,297,Tuberculosis,3,Rate,1994,342.97686513140525,393.7241506231998,297.8171502631311
6,Incidence,196,South Africa,3,Both,22,All Ages,298,HIV/AIDS,1,Number,1994,358656.7351020365,420669.3652044129,307666.31914469606
6,Incidence,196,South Africa,3,Both,22,All Ages,298,HIV/AIDS,3,Rate,1994,890.6751165174902,1044.67503102147,764.0473685089138
6,Incidence,196,South Africa,3,Both,22,All Ages,297,Tuberculosis,1,Number,1999,153178.67790671802,175730.84522522686,133336.55421436272
6,Incidence,196,South Africa,3,Both,22,All Ages,297,Tuberculosis,3,Rate,1999,342.85007089130033,393.3271494871335,298.43871020113465
6,Incidence,196,South Africa,3,Both,22,All Ages,298,HIV/AIDS,1,Number,1999,668406.2102335434,790640.5452198423,574103.2992804245
6,Incidence,196,South Africa,3,Both,22,All Ages,298,HIV/AIDS,3,Rate,1999,1496.051015026454,1769.6403356035944,1284.978820466699
6,Incidence,196,South Africa,3,Both,22,All Ages,297,Tuberculosis,1,Number,1996,140140.49100335696,160043.46322680288,122210.48589256973
6,Incidence,196,South Africa,3,Both,22,All Ages,297,Tuberculosis,3,Rate,1996,333.0990157875767,380.40626019218274,290.48130399915163
6,Incidence,196,South Africa,3,Both,22,All Ages,298,HIV/AIDS,1,Number,1996,558611.0650851864,635648.4498090439,496177.26667119155
6,Incidence,196,South Africa,3,Both,22,All Ages,298,HIV/AIDS,3,Rate,1996,1327.758984257221,1510.8686397653585,1179.3604974623988
6,Incidence,196,South Africa,3,Both,22,All Ages,298,HIV/AIDS,1,Number,2001,641000.1183829635,772219.6196326313,541782.7930701819
6,Incidence,196,South Africa,3,Both,22,All Ages,298,HIV/AIDS,3,Rate,2001,1387.1050164968215,1671.060078634393,1172.401702538098
6,Incidence,196,South Africa,3,Both,22,All Ages,297,Tuberculosis,1,Number,2001,163540.78474617546,188513.59120350517,142081.3871429432
6,Incidence,196,South Africa,3,Both,22,All Ages,297,Tuberculosis,3,Rate,2001,353.8973494973945,407.9377531097239,307.4598571900069
6,Incidence,196,South Africa,3,Both,22,All Ages,297,Tuberculosis,1,Number,1998,148196.74798940713,170696.5784567293,128500.25857108089
6,Incidence,196,South Africa,3,Both,22,All Ages,297,Tuberculosis,3,Rate,1998,338.071250690506,389.3985971377821,293.13897719458674
6,Incidence,196,South Africa,3,Both,22,All Ages,298,HIV/AIDS,1,Number,1998,660547.2376470494,766344.964327066,576927.8587970225
6,Incidence,196,South Africa,3,Both,22,All Ages,298,HIV/AIDS,3,Rate,1998,1506.8618832813986,1748.2111049355885,1316.106631406287
6,Incidence,196,South Africa,3,Both,22,All Ages,297,Tuberculosis,1,Number,2003,176806.45646213586,206837.32908855696,153614.3979499018
6,Incidence,196,South Africa,3,Both,22,All Ages,297,Tuberculosis,3,Rate,2003,372.4916702286518,435.76000401506593,323.6311886369473
6,Incidence,196,South Africa,3,Both,22,All Ages,298,HIV/AIDS,1,Number,2003,594119.440022316,707534.9910926962,510578.71943345614
6,Incidence,196,South Africa,3,Both,22,All Ages,298,HIV/AIDS,3,Rate,2003,1251.6768163193037,1490.6180229553645,1075.6751975610337
6,Incidence,196,South Africa,3,Both,22,All Ages,297,Tuberculosis,1,Number,2002,170083.6228607529,197922.87431879592,147731.76247442362
6,Incidence,196,South Africa,3,Both,22,All Ages,297,Tuberculosis,3,Rate,2002,362.84429233987726,422.23456945571354,315.1604246755741
6,Incidence,196,South Africa,3,Both,22,All Ages,298,HIV/AIDS,1,Number,2002,616707.8739150579,740496.7613698413,526355.0748637565
6,Incidence,196,South Africa,3,Both,22,All Ages,298,HIV/AIDS,3,Rate,2002,1315.640673260697,1579.723072921506,1122.8884442025428
6,Incidence,196,South Africa,3,Both,22,All Ages,297,Tuberculosis,1,Number,2000,158072.32560482092,181221.292669568,137676.91978745264
6,Incidence,196,South Africa,3,Both,22,All Ages,297,Tuberculosis,3,Rate,2000,347.5982504669855,398.502419941535,302.7491135130267
6,Incidence,196,South Africa,3,Both,22,All Ages,298,HIV/AIDS,1,Number,2000,659974.1818794133,791310.1744582554,560665.497822338
6,Incidence,196,South Africa,3,Both,22,All Ages,298,HIV/AIDS,3,Rate,2000,1451.2715625388876,1740.0770891804095,1232.893521333139
6,Incidence,196,South Africa,3,Both,22,All Ages,297,Tuberculosis,1,Number,2005,187378.96806506274,219201.75345441425,161902.42383296476
6,Incidence,196,South Africa,3,Both,22,All Ages,297,Tuberculosis,3,Rate,2005,386.5312794942171,452.17633070052364,333.9774558670929
6,Incidence,196,South Africa,3,Both,22,All Ages,298,HIV/AIDS,1,Number,2005,566498.5525753464,661288.0108316774,497613.6141313668
6,Incidence,196,South Africa,3,Both,22,All Ages,298,HIV/AIDS,3,Rate,2005,1168.5911851245703,1364.1258865947013,1026.493148885057
6,Incidence,196,South Africa,3,Both,22,All Ages,297,Tuberculosis,1,Number,2004,182846.82961733048,213349.12863449246,158250.16054517127
6,Incidence,196,South Africa,3,Both,22,All Ages,297,Tuberculosis,3,Rate,2004,380.97267125874635,444.5260966061871,329.72399092833433
6,Incidence,196,South Africa,3,Both,22,All Ages,298,HIV/AIDS,1,Number,2004,577540.7417690477,682198.6887312621,502344.7481772003
6,Incidence,196,South Africa,3,Both,22,All Ages,298,HIV/AIDS,3,Rate,2004,1203.3418332327346,1421.4031346296276,1046.666332724486
6,Incidence,196,South Africa,3,Both,22,All Ages,297,Tuberculosis,1,Number,2007,193417.34499773593,227876.76412943704,165913.02945096896
6,Incidence,196,South Africa,3,Both,22,All Ages,297,Tuberculosis,3,Rate,2007,391.86714874467657,461.6825746709063,336.14289241383085
6,Incidence,196,South Africa,3,Both,22,All Ages,298,HIV/AIDS,1,Number,2007,551272.1754197443,638133.9636175202,488034.65195192624
6,Incidence,196,South Africa,3,Both,22,All Ages,298,HIV/AIDS,3,Rate,2007,1116.8877101820372,1292.871313288185,988.767308077983
6,Incidence,196,South Africa,3,Both,22,All Ages,297,Tuberculosis,1,Number,2006,190614.0854698034,224250.5316471064,164480.4522828556
6,Incidence,196,South Africa,3,Both,22,All Ages,297,Tuberculosis,3,Rate,2006,389.6080536108556,458.3596901608282,336.1918858882464
6,Incidence,196,South Africa,3,Both,22,All Ages,298,HIV/AIDS,1,Number,2006,557869.4145256003,649740.3753262253,492955.6153476826
6,Incidence,196,South Africa,3,Both,22,All Ages,298,HIV/AIDS,3,Rate,2006,1140.2641952017698,1328.044999189422,1007.582820224363
6,Incidence,196,South Africa,3,Both,22,All Ages,297,Tuberculosis,1,Number,2009,197871.42462935566,233711.69651183154,168514.51670732658
6,Incidence,196,South Africa,3,Both,22,All Ages,297,Tuberculosis,3,Rate,2009,393.7655701235151,465.087971110015,335.34511044049344
6,Incidence,196,South Africa,3,Both,22,All Ages,298,HIV/AIDS,1,Number,2009,521836.40070389677,606079.1667550809,460279.5366623526
6,Incidence,196,South Africa,3,Both,22,All Ages,298,HIV/AIDS,3,Rate,2009,1038.4582221473952,1206.1019375805993,915.9596162484497
6,Incidence,196,South Africa,3,Both,22,All Ages,297,Tuberculosis,1,Number,2008,195848.4971127834,231267.71247624763,167597.7824171361
6,Incidence,196,South Africa,3,Both,22,All Ages,297,Tuberculosis,3,Rate,2008,393.295170476348,464.4226314978647,336.56320767805875
6,Incidence,196,South Africa,3,Both,22,All Ages,298,HIV/AIDS,1,Number,2008,538058.9714208873,623012.1517086715,475184.3936116889
6,Incidence,196,South Africa,3,Both,22,All Ages,298,HIV/AIDS,3,Rate,2008,1080.5086483223959,1251.1082496282525,954.2464192900394
6,Incidence,196,South Africa,3,Both,22,All Ages,297,Tuberculosis,1,Number,2010,199424.04565890104,235460.1747697512,169563.25897877026
6,Incidence,196,South Africa,3,Both,22,All Ages,297,Tuberculosis,3,Rate,2010,393.1281234533333,464.1667776289775,334.26303026151766
6,Incidence,196,South Africa,3,Both,22,All Ages,298,HIV/AIDS,1,Number,2010,514837.3045995106,598756.3782353788,454321.55546761357
6,Incidence,196,South Africa,3,Both,22,All Ages,298,HIV/AIDS,3,Rate,2010,1014.9078200286926,1180.3389636573768,895.6120609992773
6,Incidence,196,South Africa,3,Both,22,All Ages,297,Tuberculosis,1,Number,2012,201762.23900954938,238221.63234220239,170341.48394569123
6,Incidence,196,South Africa,3,Both,22,All Ages,297,Tuberculosis,3,Rate,2012,389.7268539283421,460.1523444929978,329.03406979190675
6,Incidence,196,South Africa,3,Both,22,All Ages,298,HIV/AIDS,1,Number,2012,497076.5994021653,586452.7852072652,434763.9032959266
6,Incidence,196,South Africa,3,Both,22,All Ages,298,HIV/AIDS,3,Rate,2012,960.1603362323699,1132.8006671532016,839.7962327584397
6,Incidence,196,South Africa,3,Both,22,All Ages,297,Tuberculosis,1,Number,2011,200670.3358881427,236745.62711697206,170338.2341275943
6,Incidence,196,South Africa,3,Both,22,All Ages,297,Tuberculosis,3,Rate,2011,391.684508817978,462.09916508937584,332.4798718848949
6,Incidence,196,South Africa,3,Both,22,All Ages,298,HIV/AIDS,1,Number,2011,508318.0372839966,593602.3596767022,448020.7870392185
6,Incidence,196,South Africa,3,Both,22,All Ages,298,HIV/AIDS,3,Rate,2011,992.1760477237799,1158.6408506973557,874.4830227897637
6,Incidence,196,South Africa,3,Both,22,All Ages,297,Tuberculosis,1,Number,2013,202618.91098331573,238632.30424777314,170423.8250884657
6,Incidence,196,South Africa,3,Both,22,All Ages,297,Tuberculosis,3,Rate,2013,387.1943111832086,456.01405229587203,325.6711589461147
6,Incidence,196,South Africa,3,Both,22,All Ages,298,HIV/AIDS,1,Number,2013,485237.69203338865,573085.2377358382,419675.4094302732
6,Incidence,196,South Africa,3,Both,22,All Ages,298,HIV/AIDS,3,Rate,2013,927.2642569008207,1095.1363956973626,801.9781089844377
6,Incidence,196,South Africa,3,Both,22,All Ages,297,Tuberculosis,1,Number,2015,203954.11276388748,239436.08497787127,171677.19468957087
6,Incidence,196,South Africa,3,Both,22,All Ages,297,Tuberculosis,3,Rate,2015,381.5724862395306,447.95479239113746,321.1864331667763
6,Incidence,196,South Africa,3,Both,22,All Ages,298,HIV/AIDS,1,Number,2015,465326.1639815716,557531.4622251083,395316.57835514913
6,Incidence,196,South Africa,3,Both,22,All Ages,298,HIV/AIDS,3,Rate,2015,870.5667117794455,1043.0712247723961,739.5875847294354
6,Incidence,196,South Africa,3,Both,22,All Ages,297,Tuberculosis,1,Number,2014,203285.01095549026,238860.61220217083,170926.4088111391
6,Incidence,196,South Africa,3,Both,22,All Ages,297,Tuberculosis,3,Rate,2014,384.31777942209936,451.57476019243234,323.1426536080121
6,Incidence,196,South Africa,3,Both,22,All Ages,298,HIV/AIDS,1,Number,2014,475284.5816841722,563595.8846340547,407539.6912802908
6,Incidence,196,South Africa,3,Both,22,All Ages,298,HIV/AIDS,3,Rate,2014,898.5429578298636,1065.4987195362803,770.4687544007002
6,Incidence,196,South Africa,3,Both,22,All Ages,297,Tuberculosis,1,Number,2017,207780.4974386808,242696.9622298008,174346.67424032273
6,Incidence,196,South Africa,3,Both,22,All Ages,297,Tuberculosis,3,Rate,2017,381.08819381873184,445.12814302383066,319.7675431697112
6,Incidence,196,South Africa,3,Both,22,All Ages,298,HIV/AIDS,1,Number,2017,436509.4505063952,537062.4062284738,357345.9865246531
6,Incidence,196,South Africa,3,Both,22,All Ages,298,HIV/AIDS,3,Rate,2017,800.5977467995103,985.0209470114096,655.4048058010924
6,Incidence,196,South Africa,3,Both,22,All Ages,297,Tuberculosis,1,Number,2018,212252.51467205933,249083.03992337483,178491.82469308536
6,Incidence,196,South Africa,3,Both,22,All Ages,297,Tuberculosis,3,Rate,2018,385.5486388915896,452.44989046096043,324.2236266082472
6,Incidence,196,South Africa,3,Both,22,All Ages,298,HIV/AIDS,1,Number,2018,393961.7235762948,492124.34969491564,312371.7717094277
6,Incidence,196,South Africa,3,Both,22,All Ages,298,HIV/AIDS,3,Rate,2018,715.616521834405,893.9252073570849,567.4114702329982
6,Incidence,196,South Africa,3,Both,22,All Ages,297,Tuberculosis,1,Number,2016,205348.9597697727,240203.05193467042,172299.05173671
6,Incidence,196,South Africa,3,Both,22,All Ages,297,Tuberculosis,3,Rate,2016,380.3210940690135,444.8733882700547,319.1102790928526
6,Incidence,196,South Africa,3,Both,22,All Ages,298,HIV/AIDS,1,Number,2016,456301.983601182,557892.2030077984,382189.1309377831
6,Incidence,196,South Africa,3,Both,22,All Ages,298,HIV/AIDS,3,Rate,2016,845.10420614562,1033.2566245204357,707.8418540931868
6,Incidence,196,South Africa,3,Both,22,All Ages,297,Tuberculosis,1,Number,2019,219127.08525768845,257763.33688963306,184652.62254038287
6,Incidence,196,South Africa,3,Both,22,All Ages,297,Tuberculosis,3,Rate,2019,394.1955310686992,463.69966248471235,332.17819020380705
6,Incidence,196,South Africa,3,Both,22,All Ages,298,HIV/AIDS,1,Number,2019,366880.4758660696,464312.34903993784,286119.74665924715
6,Incidence,196,South Africa,3,Both,22,All Ages,298,HIV/AIDS,3,Rate,2019,659.9943765632141,835.2680491154919,514.7110196393501
